{
	"id": "d8134ba6-d84a-4a02-b1c7-3ed5848691a0",
	"name": "RMS Prod Environment",
	"values": [
		{
			"key": "Payment_Url",
			"value": "pay.merchant.razer.com",
			"type": "default",
			"enabled": true
		},
		{
			"key": "API_Url",
			"value": "api.merchant.razer.com",
			"type": "default",
			"enabled": true
		},
		{
			"key": "MerchantID",
			"value": "",
			"type": "default",
			"enabled": true
		},
		{
			"key": "VerifyKey",
			"value": "",
			"type": "default",
			"enabled": true
		},
		{
			"key": "PrivateKey",
			"value": "",
			"type": "default",
			"enabled": true
		}
	],
	"_postman_variable_scope": "environment",
	"_postman_exported_at": "2022-01-13T08:37:32.457Z",
	"_postman_exported_using": "Postman/9.8.2"
}